metric,obstime,Avalon,Essendon,Frankston,Viewbank,Trend,Cycle,TrendVar,CycleVar
Temperature (C),2025-02-01T17:30:00Z,18,21.9,19.8,20.7,10.876870781771391,4.235844297605533,1.1782743857747766,0.7892618768787928
Temperature (C),2025-02-01T18:00:00Z,18.7,20.8,19.2,20.1,13.648555765817871,4.574521237470479,1.4215028084704695,0.811154563436586
Temperature (C),2025-02-01T18:30:00Z,18.2,20.7,19.1,20,14.457386492488977,4.620494003834935,1.606190131448293,0.9631912220955057
Temperature (C),2025-02-01T19:00:00Z,17.6,26.5,19.2,20,15.536014935518745,4.715813868604883,1.86571213821678,1.2832564952200303
Temperature (C),2025-02-01T19:30:00Z,17.8,27,19.4,23.5,16.502526176105807,4.882732019678561,2.2693817142072663,1.7835109298972383
Temperature (C),2025-02-01T20:00:00Z,17.6,27,21.3,26.2,17.37118689942738,5.135438858111064,2.8305833135149734,2.448117747948329
Temperature (C),2025-02-01T20:30:00Z,19.2,27.3,23.2,27.3,18.21268822008,5.497954818662904,3.5330933917815557,3.245784628526324
Temperature (C),2025-02-01T21:00:00Z,22,28,25.3,28.7,19.222637431670826,6.084846492361245,4.348609558991512,4.140598931006977
Temperature (C),2025-02-01T21:30:00Z,24.8,28.4,27.5,28.9,20.06913079785465,6.716667908055193,5.246283910625919,5.098384450955113
Temperature (C),2025-02-01T22:00:00Z,30.2,28.1,29.9,30.6,21.19360359346495,7.656553505856525,6.197047826081873,6.089293139170197
Temperature (C),2025-02-01T22:30:00Z,30.8,29.6,30.9,31.3,21.832628578060444,8.323464369354793,7.174978837364708,7.08813445606918
Temperature (C),2025-02-01T23:00:00Z,32.5,30.6,31.7,31.4,22.321571134185174,8.849100317731198,8.1572646974769,8.073713464336251
Temperature (C),2025-02-01T23:30:00Z,33.6,31,31.8,31.9,22.64902720477575,9.175298540470864,9.123711829581561,9.027974060262812
Temperature (C),2025-02-02T00:00:00Z,35,32.5,32.7,33,23.253779855594086,9.595870463558128,10.056302240646973,9.935347708991213
Temperature (C),2025-02-02T00:30:00Z,35.3,33.4,33.9,34.1,23.84165893330965,9.912000045931602,10.939017608990037,10.782451554124417
Temperature (C),2025-02-02T01:00:00Z,36,33.8,34.8,35.2,24.428380529757707,10.119733186136925,11.757974289135781,11.558128734874746
Temperature (C),2025-02-02T01:30:00Z,36.1,35.3,35.2,35.3,24.953349324071024,10.17923433417328,12.501804267181297,12.253735790573776
Temperature (C),2025-02-02T02:00:00Z,35.6,34.3,34.7,35.3,25.026192549277233,9.90359705040688,13.162150641167717,12.86353340939178
Temperature (C),2025-02-02T02:30:00Z,36.4,36.6,36.4,35.9,25.95805968771581,9.815746265480627,13.7341162517048,13.385021384846839
Temperature (C),2025-02-02T03:00:00Z,38.4,35.6,36.8,36.9,26.811762302194317,9.63043921663953,14.216512989596415,13.819077717858463
Temperature (C),2025-02-02T03:30:00Z,38.2,37.2,37,38,27.717109004799507,9.391209030125841,14.611806130137248,14.169813118726953
Temperature (C),2025-02-02T04:00:00Z,37.5,37.2,37.1,38.2,28.23437634135992,8.994492034285546,14.925721465173606,14.444123943280797
Temperature (C),2025-02-02T04:30:00Z,39.2,38.1,37.6,39,29.297194003738223,8.637281308553055,15.16656185035564,14.650998807358697
Temperature (C),2025-02-02T05:00:00Z,39.8,37.9,31.8,38.8,29.139403709556188,8.01386654402084,15.344340647171874,14.800685977956817
Temperature (C),2025-02-02T05:30:00Z,40.1,38.1,32.2,39.2,29.734126816920753,7.376719978429458,15.46986655581621,14.903847401197151
Temperature (C),2025-02-02T06:00:00Z,40.5,38.5,33.4,39.3,30.69861628215392,6.764702067492421,15.553905050740052,14.970810822070018
Temperature (C),2025-02-02T06:30:00Z,38.4,38.1,33.1,39.2,30.993897195354837,6.06640059174718,15.606505900658908,15.010994591663817
Temperature (C),2025-02-02T07:00:00Z,38.1,38.2,34.9,38.7,31.74142934510187,5.382860338477525,15.636539882282674,15.032535617369158
Temperature (C),2025-02-02T07:30:00Z,30.9,38.5,33.7,38.2,31.11310656187924,4.504994742225686,15.65144528860726,15.042112521345803
Temperature (C),2025-02-02T08:00:00Z,23.4,37.6,32.3,36.2,29.702697625242692,3.3278645318832183,15.65715491391501,15.044930613708358
Temperature (C),2025-02-02T08:30:00Z,24,36.2,32.2,34.4,29.647097144057092,2.078694261984568,15.658159106512903,15.044823906728196
Temperature (C),2025-02-02T09:00:00Z,21.9,26.5,27.2,33.3,27.661862396233012,0.48323871924298123,15.657657847607496,15.044429241802588
Temperature (C),2025-02-02T09:30:00Z,23.3,26.1,25.5,28.6,27.258581678692497,-1.1966875148615712,15.657760284539735,15.045394321429587
Temperature (C),2025-02-02T10:00:00Z,25.2,27.1,25.8,28.2,28.599702204988414,-2.6464691964610125,15.659699429113557,15.04859102013834
Temperature (C),2025-02-02T10:30:00Z,21.6,28,24.4,27.6,29.119451749528125,-3.960571040763721,15.664039654627551,15.054314970395385
Temperature (C),2025-02-02T11:00:00Z,21.4,27.2,24.9,27,29.864158216188454,-5.084885390715976,15.670863349522588,15.062460550434377
Temperature (C),2025-02-02T11:30:00Z,21.5,20.7,22.6,26.6,29.31372207840725,-6.208012194967294,15.679929859101868,15.072666505040834
Temperature (C),2025-02-02T12:00:00Z,22.7,21.3,21.3,22.1,29.168066037245282,-7.2503625750386105,15.69080461556494,15.084431579295122
Temperature (C),2025-02-02T12:30:00Z,22.6,21.7,21.9,21.4,29.721630346899772,-8.07904000552297,15.70295941831615,15.097202093214596
Temperature (C),2025-02-02T13:00:00Z,21.6,21.9,22.3,21.7,30.287700560667258,-8.675986889826014,15.715846592092305,15.110434755441002
Temperature (C),2025-02-02T13:30:00Z,22.8,21.6,21.6,21.3,30.693446584832884,-9.057177383947856,15.728950611194355,15.123638587128466
Temperature (C),2025-02-02T14:00:00Z,21.6,21.1,21.2,20.9,30.563919720158818,-9.303675437725927,15.741821049587339,15.1363998988195
Temperature (C),2025-02-02T14:30:00Z,21.4,21.5,20.5,20.4,30.42712195444582,-9.413508310579715,15.754090628306813,15.14839404210913
Temperature (C),2025-02-02T15:00:00Z,20.8,21.1,20.3,20.5,30.187736576482884,-9.401449644390274,15.765481838405004,15.159387281327867
Temperature (C),2025-02-02T15:30:00Z,21.6,21.5,20.9,20.3,30.259298569469603,-9.217555065869876,15.775805218620523,15.169231683399
Temperature (C),2025-02-02T16:00:00Z,23.1,22.4,20.8,20.5,30.45389918936956,-8.844299395910737,15.78495192321903,15.177855457323975
Temperature (C),2025-02-02T16:30:00Z,20.9,21.9,22.4,20.5,30.01721237636872,-8.389434768937226,15.792882764391448,15.185250718419836
Temperature (C),2025-02-02T17:00:00Z,22.5,22,23.1,20.5,29.894386161717595,-7.81237400129082,15.799615478455383,15.191460224426917
Temperature (C),2025-02-02T17:30:00Z,24,21.5,21.9,20.8,29.437427883693932,-7.17540258565467,15.80521156088785,15.196564242011515
Temperature (C),2025-02-02T18:00:00Z,24.1,21.6,21.8,20.7,28.84022240138211,-6.513220712423159,15.809763651834269,15.200668359901496
Temperature (C),2025-02-02T18:30:00Z,22.4,22.9,21.9,20.6,28.133177228960086,-5.855331848881742,15.81338413749386,15.203892772804059
Temperature (C),2025-02-02T19:00:00Z,22.3,23.1,22.3,20.9,27.589514543450008,-5.1874962532445945,15.81619536697502,15.206363319707622
Temperature (C),2025-02-02T19:30:00Z,22.7,23.5,22.1,21.3,27.123775214331786,-4.507929293086624,15.818321669445968,15.208204370202527
Temperature (C),2025-02-02T20:00:00Z,22.9,23.7,21.7,20.3,26.371802894436023,-3.8733705425225913,15.819883190863989,15.209533510064288
Temperature (C),2025-02-02T20:30:00Z,23.2,24.9,22.2,20.6,26.082084594290404,-3.222862387463029,15.820991449427703,15.210457877867636
Temperature (C),2025-02-02T21:00:00Z,23.9,24.5,23.3,21.3,25.88900169119094,-2.549560276959244,15.821746428842134,15.211071942016934
Temperature (C),2025-02-02T21:30:00Z,25.2,25.3,24.6,22.9,26.163248715708864,-1.7902756691869615,15.822234982269322,15.211456475825175
Temperature (C),2025-02-02T22:00:00Z,24.6,27.5,26.3,23.8,26.40092102796934,-0.9609995196779566,15.822530300853275,15.211678480574516
Temperature (C),2025-02-02T22:30:00Z,24.7,28.7,27,27.1,26.76344389003203,-0.056339018100554736,15.82269220246804,15.211791816564304
Temperature (C),2025-02-02T23:00:00Z,24.9,29.8,27.9,29.3,26.98545976283698,0.8867214127557955,15.822768012856919,15.211838324345779
Temperature (C),2025-02-02T23:30:00Z,24.8,31.4,27.9,31,26.969152589304226,1.813399353504107,15.822793837372425,15.211849247823212
Temperature (C),2025-02-03T00:00:00Z,24.6,31.7,28.1,32.1,26.62807722477003,2.6548750188130126,15.822796052742598,15.211846803747548
Temperature (C),2025-02-03T00:30:00Z,25.1,33.2,28.6,31.9,26.395669013188414,3.411958974835483,15.822792881247887,15.211845775328896
Temperature (C),2025-02-03T01:00:00Z,26.1,33,28.5,32.8,26.145991994708595,4.0696332081419,15.822795941848158,15.211855039086098
Temperature (C),2025-02-03T01:30:00Z,28.3,34,28.9,33.8,26.422182309267345,4.699913823595246,15.82281170238926,15.211878962208532
Temperature (C),2025-02-03T02:00:00Z,29.3,35.1,29.4,34.1,26.607994544628237,5.280955360153867,15.822842782957347,15.211918631822297
Temperature (C),2025-02-03T02:30:00Z,30.3,34.6,30.2,34.4,26.60442663193266,5.7722256843639945,15.822889082189333,15.211972897303632
Temperature (C),2025-02-03T03:00:00Z,30.5,36,31.5,34.7,26.85470064075947,6.204395883777652,15.822948715763163,15.212039222209794
Temperature (C),2025-02-03T03:30:00Z,30.7,36.6,33.9,36.7,27.525818787156354,6.638381161130591,15.823018769553745,15.21211435379168
Temperature (C),2025-02-03T04:00:00Z,30.6,37.2,34.9,37.1,27.810240303265036,7.008041582138521,15.823095879424244,15.212194825866689
Temperature (C),2025-02-03T04:30:00Z,31.9,37.8,36.6,38.6,28.522587820768887,7.372517372851754,15.823176655826392,15.212277315606025
Temperature (C),2025-02-03T05:00:00Z,30.7,37,35.9,37.9,28.052186674179882,7.540660540645822,15.823257974854624,15.212358877090784
Temperature (C),2025-02-03T05:30:00Z,29.6,36.1,36.4,38.4,27.741365022247095,7.527579322858996,15.823337158697038,15.212437074874279
Temperature (C),2025-02-03T06:00:00Z,32.3,35.9,36.5,36.2,27.802942897656994,7.3935398653231115,15.823412068076182,15.21251003975815
Temperature (C),2025-02-03T06:30:00Z,33.5,36.7,36.1,36.1,28.21219724190334,7.198273956327237,15.82348112775444,15.212576467003483
Temperature (C),2025-02-03T07:00:00Z,33.6,35.8,36.4,37.1,28.60094497372605,6.944023398141289,15.823543303900266,15.212635574629484
Temperature (C),2025-02-03T07:30:00Z,32.9,36.4,36,36.7,28.801778967818063,6.605213717633601,15.82359804941405,15.212687036611184
Temperature (C),2025-02-03T08:00:00Z,31,35.9,35.5,35.9,28.56658299290222,6.117337269355151,15.823645230468076,15.212730902912774
Temperature (C),2025-02-03T08:30:00Z,26.8,35.1,34.6,35.1,27.832822694250137,5.406984007468257,15.82368504472239,15.21276751555391
Temperature (C),2025-02-03T09:00:00Z,25,34.2,33.4,33.9,27.33494752567981,4.520619497577239,15.823717939086348,15.212797427424984
Temperature (C),2025-02-03T09:30:00Z,24.9,32.9,32.5,32.7,27.249378531887473,3.5402485627907363,15.823744532592386,15.212821328409392
Temperature (C),2025-02-03T10:00:00Z,25,31.9,31.3,31.9,27.4200984849099,2.5258410668670437,15.82376554798543,15.212839981570514
Temperature (C),2025-02-03T10:30:00Z,25,28.2,30.8,30.8,27.30332026886144,1.4507596606681006,15.823781754025944,15.212854170720203
Temperature (C),2025-02-03T11:00:00Z,24.4,26.4,27.5,29.2,26.82328581683078,0.2740175748404099,15.823793919245425,15.212864659584481
Temperature (C),2025-02-03T11:30:00Z,23.2,25.1,27.4,27.2,26.707422064881268,-0.9287657583103819,15.82380277695673,15.21287216198851
Temperature (C),2025-02-03T12:00:00Z,23.6,25.6,27.1,26.6,27.406681326826714,-2.00550680655487,15.823809000669701,15.21287732195534
Temperature (C),2025-02-03T12:30:00Z,24.7,25.6,26.6,26.5,28.32359028552929,-2.8982085750931628,15.823813188650497,15.212880702305076
Temperature (C),2025-02-03T13:00:00Z,26,25.4,26.6,25.5,29.117246303958993,-3.609786261189871,15.823815856148162,15.212882780208488
Temperature (C),2025-02-03T13:30:00Z,25.4,26.2,25.9,25.7,29.69531221111849,-4.163012865438052,15.823817433749253,15.212883948150683
Temperature (C),2025-02-03T14:00:00Z,24.8,26.2,24.3,25.3,29.754575395458293,-4.632019997713252,15.823818270370595,15.212884518854182
Temperature (C),2025-02-03T14:30:00Z,24.5,25,24,24.8,29.657037832791165,-5.036868489196478,15.823818639527795,15.212884732868977
Temperature (C),2025-02-03T15:00:00Z,24.4,25.9,24,24.8,29.949396418568185,-5.309786761097893,15.823818747689806,15.212884767726942
Temperature (C),2025-02-03T15:30:00Z,24.3,25.6,24.2,24.4,30.051539001931914,-5.473840908880917,15.823818743728873,15.21288474776391
Temperature (C),2025-02-03T16:00:00Z,23.5,25.7,22.9,24.3,29.799981715760353,-5.5834863348783985,15.82381872867621,15.21288475391351
Temperature (C),2025-02-03T16:30:00Z,24.9,25.8,22.7,24.1,29.907390033445147,-5.582130484874211,15.823818765187593,15.212884832964518
Temperature (C),2025-02-03T17:00:00Z,23.3,27,22.6,23.9,29.77000227343646,-5.506378435967139,15.823818886298977,15.212885005939482
Temperature (C),2025-02-03T17:30:00Z,22.3,26.3,22.2,23.6,29.25648966735899,-5.418683596005495,15.823819103203014,15.212885275392418
Temperature (C),2025-02-03T18:00:00Z,22.7,26.3,22.5,22.6,28.954313284759614,-5.289376349447337,15.823819411905408,15.212885631538274
Temperature (C),2025-02-03T18:30:00Z,22.5,26.4,22.5,23.1,28.795297044432775,-5.0966571203892626,15.82381979871813,15.212886057213435
Temperature (C),2025-02-03T19:00:00Z,22.2,26.3,23.3,23.2,28.65496096384694,-4.839971762226109,15.823820244622848,15.212886531731662
Temperature (C),2025-02-03T19:30:00Z,21.9,26.9,23.7,23.5,28.560233027732583,-4.516364815173956,15.82382072859018,15.212887033741856
Temperature (C),2025-02-03T20:00:00Z,23.1,27.6,24.6,23.7,28.74882945311125,-4.086167871549542,15.82382122997403,15.21288754321978
Temperature (C),2025-02-03T20:30:00Z,23.7,27.8,24.7,24.5,28.755645829177436,-3.5838024717473296,15.823821730117885,15.212888042736378
Temperature (C),2025-02-03T21:00:00Z,23.6,28.2,25.2,25.2,28.641212387267853,-3.038218616284311,15.823822213314736,15.212888518144906
Temperature (C),2025-02-03T21:30:00Z,24.5,28.5,25.9,25.6,28.59505500104512,-2.4486796592680427,15.823822667258627,15.212888958821736
Temperature (C),2025-02-03T22:00:00Z,25.2,29,27.4,27.2,28.855576719847445,-1.776223514789753,15.823823083114396,15.212889357581483
Temperature (C),2025-02-03T22:30:00Z,25.2,29.5,28.2,27.3,28.7113900287126,-1.0946176229800173,15.823823455317715,15.21288971037116
Temperature (C),2025-02-03T23:00:00Z,27.1,30,28.9,28.5,28.90180641647559,-0.36498764879180867,15.823823781200097,15.212890015830162
Temperature (C),2025-02-03T23:30:00Z,30.2,30.7,29.7,29.8,29.411239875175372,0.4528430905481305,15.82382406051637,15.212890274785243
Temperature (C),2025-02-04T00:00:00Z,30.9,32.9,31.1,30.3,29.795211879026322,1.326971894941885,15.82382429493493,15.21289048973335
Temperature (C),2025-02-04T00:30:00Z,31.9,34.5,32,33.9,30.472920270308716,2.288235111870723,15.823824487535363,15.21289066434971
Temperature (C),2025-02-04T01:00:00Z,32.4,35.7,33.3,35.4,30.7889696113444,3.2646689378230707,15.82382464234434,15.212890803046554
Temperature (C),2025-02-04T01:30:00Z,34.1,36.9,34,36.5,31.034905926108703,4.226201745183771,15.823824763929736,15.212890910596954
Temperature (C),2025-02-04T02:00:00Z,34.7,37.2,34.8,37.6,30.987511190389917,5.109437161452473,15.823824857062547,15.212890991829799
Temperature (C),2025-02-04T02:30:00Z,35.6,37.2,35.5,37.3,30.683829517334956,5.856804501465792,15.823824926449639,15.212891051395754
Temperature (C),2025-02-04T03:00:00Z,28,37.7,35.7,37.8,29.21254860786639,6.268796906419253,15.823824976535034,15.212891093599856
Temperature (C),2025-02-04T03:30:00Z,25.7,37.7,36.4,39,28.548452024012583,6.459088992219988,15.823825011363754,15.212891122293282
Temperature (C),2025-02-04T04:00:00Z,23.3,33,36.1,38.1,27.032595354360197,6.294393046225063,15.823825034499485,15.212891140814861
Temperature (C),2025-02-04T04:30:00Z,22.8,27.9,34.5,33.7,24.985191664100192,5.687954467543675,15.823825048987542,15.212891151973366
Temperature (C),2025-02-04T05:00:00Z,22,25.1,29.7,26.9,22.49904494538001,4.577281683582488,15.823825057352792,15.212891158060476
Temperature (C),2025-02-04T05:30:00Z,22.4,23.5,27.2,26,21.822646023365337,3.2655921631308367,15.82382506162434,15.212891160886384
Temperature (C),2025-02-04T06:00:00Z,21.2,23.5,25.1,24.7,21.766241011767768,1.8848799694312448,15.823825063378113,15.21289116182954
Temperature (C),2025-02-04T06:30:00Z,21.7,22.5,24.6,24.2,22.390415676047517,0.5705310253236257,15.823825063790835,15.212891161894973
Temperature (C),2025-02-04T07:00:00Z,20.4,21.8,23.7,22.6,22.689052613401454,-0.7023504277031046,15.823825063699207,15.212891161775032
Temperature (C),2025-02-04T07:30:00Z,20.5,21.3,22.6,21.8,23.19613230701481,-1.8809592976780871,15.823825063660054,15.212891161909395
Temperature (C),2025-02-04T08:00:00Z,20.3,20.5,21.3,21.2,23.598870502287525,-2.9603772774930968,15.823825064007734,15.212891162540902
Temperature (C),2025-02-04T08:30:00Z,20,20.1,20.2,20.7,23.99215431995465,-3.9242828030364154,15.823825064906861,15.212891163765713
Temperature (C),2025-02-04T09:00:00Z,19.1,20.1,19.8,20.4,24.409287511270886,-4.752460563345314,15.823825066398543,15.212891165576469
Temperature (C),2025-02-04T09:30:00Z,18.6,19.7,19.4,20.4,24.786953615280126,-5.436849584977954,15.823825068439646,15.212891167898297
Temperature (C),2025-02-04T10:00:00Z,18.6,19.5,19.1,20.2,25.15010943946132,-5.968285744817044,15.82382507093476,15.212891170617528
Temperature (C),2025-02-04T10:30:00Z,18.6,19.6,18.8,19.8,25.424666993628986,-6.351813722381801,15.823825073761492,15.2128911736039
Temperature (C),2025-02-04T11:00:00Z,18.5,19.6,18.5,19.6,25.57900787505969,-6.600482645613633,15.823825076789436,15.21289117672674
Temperature (C),2025-02-04T11:30:00Z,18.6,19.5,18.1,19.3,25.598277305252505,-6.732200916994267,15.823825079893481,15.212891179865943
Temperature (C),2025-02-04T12:00:00Z,18.5,19.6,17.9,19.2,25.56764941076717,-6.753465730392758,15.82382508296282,15.212891182918968
Temperature (C),2025-02-04T12:30:00Z,18.4,19.3,17.9,19,25.408378163634218,-6.68462015643074,15.823825085905732,15.212891185804
Temperature (C),2025-02-04T13:00:00Z,18.1,19.1,17.9,18.9,25.158022424458736,-6.542083479138954,15.82382508865185,15.212891188461112
Temperature (C),2025-02-04T13:30:00Z,18,18.9,17.8,18.7,24.83806654538835,-6.339895997001986,15.82382509115201,15.21289119085115
Temperature (C),2025-02-04T14:00:00Z,16.9,18.8,17.6,18.5,24.309686912751374,-6.114995988038871,15.823825093376756,15.212891192953688
Temperature (C),2025-02-04T14:30:00Z,17.4,18.4,17.4,18.3,23.911366632117513,-5.851905779029025,15.823825095313783,15.212891194764136
Temperature (C),2025-02-04T15:00:00Z,17.3,18.3,17.3,18.2,23.513498363090847,-5.554246835155202,15.823825096964987,15.212891196290634
Temperature (C),2025-02-04T15:30:00Z,17.2,18.4,17.3,17.9,23.112997471021917,-5.2275267837587585,15.82382509834322,15.212891197550743
Temperature (C),2025-02-04T16:00:00Z,17,17.7,17.1,18,22.589366634272135,-4.896874861896145,15.823825099469252,15.212891198568556
Temperature (C),2025-02-04T16:30:00Z,16.6,17.6,17,17.8,22.062942304312276,-4.569156874148455,15.823825100369042,15.212891199372102
Temperature (C),2025-02-04T17:00:00Z,16.3,17.6,16.9,17.5,21.556414371461504,-4.246842899430238,15.823825101071332,15.212891199991159
Pressure (hPa),2025-02-01T17:30:00Z,1012.6,1012.6,1012.6,1012.9,1012.5136443015572,0.14836504598388092,1.1344807835794817,1.0431577860347125
Pressure (hPa),2025-02-01T18:00:00Z,1012.6,1012.7,1012.8,1012.9,1012.6029023282883,0.14709652637731346,1.186498206930847,1.0951500060492882
Pressure (hPa),2025-02-01T18:30:00Z,1012.7,1013,1013,1013.2,1012.8316838332966,0.1433132310393714,1.2639411404197438,1.1725933829001636
Pressure (hPa),2025-02-01T19:00:00Z,1013.1,1013.2,1013.3,1013.5,1013.1379152005478,0.1370808699629603,1.3818670344828012,1.2905199062287942
Pressure (hPa),2025-02-01T19:30:00Z,1013.4,1013.4,1013.7,1013.8,1013.4464897602029,0.12850628022791635,1.5525486105394974,1.4612022587078453
Pressure (hPa),2025-02-01T20:00:00Z,1013.6,1013.8,1013.9,1014.1,1013.7322602091925,0.11773612384218664,1.7846629213625038,1.6933174446527581
Pressure (hPa),2025-02-01T20:30:00Z,1013.7,1013.9,1014,1014.2,1013.8450482031928,0.10495034952179738,2.0827000959643907,1.991355537893395
Pressure (hPa),2025-02-01T21:00:00Z,1013.6,1014,1014.2,1014.5,1013.9846268829501,0.09037132598110204,2.4466574793697475,2.3553138253072348
Pressure (hPa),2025-02-01T21:30:00Z,1013.5,1014.2,1014.3,1014.6,1014.0757526533811,0.07424617729143387,2.872039981132756,2.7806971592997853
Pressure (hPa),2025-02-01T22:00:00Z,1013.4,1014.3,1014.3,1014.6,1014.0931509241738,0.056848852570514675,3.3501665721692766,3.2588244585312593
Pressure (hPa),2025-02-01T22:30:00Z,1013.5,1014.2,1014.4,1014.6,1014.1365192156732,0.03848022782074328,3.868762008620327,3.777420435340854
Pressure (hPa),2025-02-01T23:00:00Z,1013.4,1014.2,1014.3,1014.6,1014.105550124416,0.019450272983099773,4.4127934343696795,4.3214522012489525
Pressure (hPa),2025-02-01T23:30:00Z,1013.3,1014.1,1014.2,1014.5,1014.0249162277628,8.480694161568591e-5,4.965494841373836,4.874153729492091
Pressure (hPa),2025-02-02T00:00:00Z,1013.1,1014.1,1014.1,1014.3,1013.9192854819366,-0.01928412647041876,5.509509581060318,5.418168367696543
Pressure (hPa),2025-02-02T00:30:00Z,1012.8,1013.9,1013.9,1014.2,1013.7383298198744,-0.03832749783418777,6.028073087723639,5.936731561532945
Pressure (hPa),2025-02-02T01:00:00Z,1012.5,1013.6,1013.5,1013.7,1013.3817286455223,-0.0567240695958694,6.506155240269519,6.414813215685054
Pressure (hPa),2025-02-02T01:30:00Z,1012.4,1013.4,1013.1,1013.3,1013.1241523922229,-0.07414908700263262,6.931484536926547,6.840141866804567
Pressure (hPa),2025-02-02T02:00:00Z,1012.2,1013.4,1012.9,1013,1012.9653060115319,-0.09030397322329328,7.295384302393741,7.204040888040251
Pressure (hPa),2025-02-02T02:30:00Z,1011.6,1012.9,1012.5,1012.9,1012.579926855259,-0.10492191011805498,7.593363943075268,7.502019740970786
Pressure (hPa),2025-02-02T03:00:00Z,1011.1,1012.4,1012.1,1012.5,1012.1427549517945,-0.11774934208308274,7.82542494566811,7.734079970432292
Pressure (hPa),2025-02-02T03:30:00Z,1010.6,1011.8,1011.7,1011.8,1011.6035756056372,-0.12856868701766178,7.996060744843212,7.904715068237192
Pressure (hPa),2025-02-02T04:00:00Z,1010.1,1011.4,1011.3,1011.2,1011.1371990204036,-0.13719303599692728,8.113950445900892,8.022604191935299
Pressure (hPa),2025-02-02T04:30:00Z,1009.6,1010.9,1011,1010.7,1010.6934816243954,-0.1434759307645178,8.19136725746059,8.100020593942519
Pressure (hPa),2025-02-02T05:00:00Z,1009,1010.4,1011,1010.4,1010.3473138630835,-0.14730942118714305,8.243341943930965,8.151995071026054
Pressure (hPa),2025-02-02T05:30:00Z,1008.6,1010.1,1010.7,1010.1,1010.0236325633408,-0.14862840998771962,8.286638318597099,8.195291455186469
Pressure (hPa),2025-02-02T06:00:00Z,1008.2,1009.6,1010.2,1009.6,1009.5474198220982,-0.14741371152092075,8.338610622428913,8.247263991190954
Pressure (hPa),2025-02-02T06:30:00Z,1007.9,1009.1,1009.9,1009.1,1009.143691626138,-0.14368644564834,8.416020692887034,8.324674505120864
Pressure (hPa),2025-02-02T07:00:00Z,1007.5,1008.5,1009.3,1008.5,1008.5875216834925,-0.1375145469112112,8.53389556878593,8.44255001001126
Pressure (hPa),2025-02-02T07:30:00Z,1006.9,1007.6,1008.7,1007.9,1007.9040173844052,-0.12900861388558163,8.704503413839857,8.613158631154603
Pressure (hPa),2025-02-02T08:00:00Z,1010.1,1008.2,1009.5,1008.1,1009.0932400596191,-0.11825531942194224,8.936517562600777,8.845173654658158
Pressure (hPa),2025-02-02T08:30:00Z,1012,1009.5,1010.5,1009.5,1010.4804172122334,-0.10543501221301081,9.234425652136913,9.143082662424794
Pressure (hPa),2025-02-02T09:00:00Z,1011.4,1011.9,1012.7,1010.5,1011.715757888109,-0.0907737398216447,9.598224080705494,9.506881994585827
Pressure (hPa),2025-02-02T09:30:00Z,1011.2,1012.6,1012.8,1012,1012.2245477366638,-0.07455426540792948,10.023418575078857,9.932077320788586
Pressure (hPa),2025-02-02T10:00:00Z,1014.1,1012.6,1012.7,1012.2,1012.9570225469131,-0.057031945995337494,10.50133078068496,10.409990234229715
Pressure (hPa),2025-02-02T10:30:00Z,1016.1,1013.3,1013,1013,1013.888488722994,-0.03850067555651422,11.019689936786992,10.928349930393798
Pressure (hPa),2025-02-02T11:00:00Z,1016.7,1016,1012.8,1014.5,1015.0192573276101,-0.019271837643749914,11.563469282558751,11.472129616111296
Pressure (hPa),2025-02-02T11:30:00Z,1015.8,1017.6,1016.4,1016.9,1016.674630109631,3.4864859769010467e-4,12.115910179179739,12.024570633857024
Pressure (hPa),2025-02-02T12:00:00Z,1016.1,1016.3,1016.2,1016.1,1016.1551181225238,0.019888543858227574,12.659664159001013,12.568324512189557
Pressure (hPa),2025-02-02T12:30:00Z,1015.3,1016.7,1016.3,1016.1,1016.0609040797533,0.03909712919983067,13.177975091478888,13.086635131942579
Pressure (hPa),2025-02-02T13:00:00Z,1016.6,1017.4,1016.1,1017.2,1016.7673158250084,0.057675110353971985,13.655820930199678,13.564480472473578
Pressure (hPa),2025-02-02T13:30:00Z,1016.6,1017.6,1016.9,1017.9,1017.1747248950704,0.07526987709842134,14.080937260207893,13.989596157235205
Pressure (hPa),2025-02-02T14:00:00Z,1014.5,1016.9,1017.2,1018,1016.558465332325,0.09154257541811053,14.444652913106651,14.353311066257817
Pressure (hPa),2025-02-02T14:30:00Z,1015.6,1018.5,1017.3,1017.1,1017.0187186800971,0.10627541403549887,14.742480713363046,14.651138079154284
Pressure (hPa),2025-02-02T15:00:00Z,1015,1017.3,1016.6,1016.9,1016.330846981982,0.11916184458842492,14.974423094888621,14.88307968794207
Pressure (hPa),2025-02-02T15:30:00Z,1013.6,1016,1015.5,1016,1015.145039924091,0.129975291768752,15.144971749852619,15.053627641896549
Pressure (hPa),2025-02-02T16:00:00Z,1013.1,1015.3,1013.2,1015.3,1014.0864793419686,0.13853424105132067,15.262801321073486,15.17145663605049
Pressure (hPa),2025-02-02T16:30:00Z,1012.5,1015.2,1012.5,1014.8,1013.6053011681851,0.14470500607677594,15.340178005295895,15.248832910912833
Pressure (hPa),2025-02-02T17:00:00Z,1010.6,1014.3,1012.4,1014.8,1012.8766314809237,0.14837786901521494,15.392123374595629,15.3007780708911
Pressure (hPa),2025-02-02T17:30:00Z,1009.8,1013.6,1012.3,1014.1,1012.3005176225969,0.1494897698097149,15.435390419034043,15.344045124743138
Pressure (hPa),2025-02-02T18:00:00Z,1010.3,1012.5,1011.6,1013,1011.7019863454511,0.1480213346041879,15.487321623440998,15.395976561086428
Pressure (hPa),2025-02-02T18:30:00Z,1010.2,1011.4,1010.9,1011.9,1010.9560177955761,0.14399177633181348,15.564666937705834,15.473322318432208
Pressure (hPa),2025-02-02T19:00:00Z,1009.9,1010.1,1009.8,1010.9,1010.0375507370903,0.1374610482615417,15.682442231955699,15.59109824114033
Pressure (hPa),2025-02-02T19:30:00Z,1009.9,1010.1,1010.4,1010.7,1010.1464246669555,0.12857393601941386,15.852906058519661,15.761562843141096
Pressure (hPa),2025-02-02T20:00:00Z,1009.7,1010.1,1010.5,1011.1,1010.2325078705156,0.11749102489613443,16.084724461954544,15.993382120578993
Pressure (hPa),2025-02-02T20:30:00Z,1009.9,1010.5,1010.9,1010.8,1010.420591014817,0.104406571758504,16.382380740961022,16.291039317029504
Pressure (hPa),2025-02-02T21:00:00Z,1010,1010.9,1010.8,1011,1010.5854542620235,0.08954362249342572,16.74587035140951,16.654529830282282
Pressure (hPa),2025-02-02T21:30:00Z,1010.4,1011,1011.2,1011.2,1010.8768327070593,0.07316355403164931,17.170701691745986,17.07936200170543
Pressure (hPa),2025-02-02T22:00:00Z,1010.9,1011.3,1011.5,1011.4,1011.2194468253741,0.0555487782555511,17.648202659630638,17.55686367677378
Pressure (hPa),2025-02-02T22:30:00Z,1011.1,1011.4,1011.6,1011.5,1011.3630105423366,0.03698761547136607,18.166112034234267,18.0747735909206
Pressure (hPa),2025-02-02T23:00:00Z,1011.3,1011.3,1011.9,1011.5,1011.4821996927733,0.017798777803436302,18.709415340964437,18.61807723724371
Pressure (hPa),2025-02-02T23:30:00Z,1011.5,1011.4,1011.8,1011.6,1011.5766895036339,-0.0016907161183396693,19.261368213243028,19.170030230483075
Pressure (hPa),2025-02-03T00:00:00Z,1011.7,1011.5,1012,1011.6,1011.7211419947887,-0.021143848388118006,19.804637508951977,19.713299424738523
Pressure (hPa),2025-02-03T00:30:00Z,1011.9,1011.7,1011.9,1011.7,1011.8402289251171,-0.04023045322555933,20.322482432070878,20.231144035363542
Pressure (hPa),2025-02-03T01:00:00Z,1011.7,1011.6,1012,1011.6,1011.7836347686688,-0.058634042461815826,20.79989519496026,20.708556300472416
Pressure (hPa),2025-02-03T01:30:00Z,1011.6,1011.4,1011.7,1011.5,1011.6260444601664,-0.07604243800123707,21.22462351710821,21.133283977930493
Pressure (hPa),2025-02-03T02:00:00Z,1011.3,1011.4,1011.5,1011.4,1011.4921568608894,-0.09215514288014862,21.588005304491677,21.496665022099513
Pressure (hPa),2025-02-03T02:30:00Z,1011,1011.3,1011.3,1011.1,1011.2817030721668,-0.10670037169434017,21.885558644175603,21.79421757513877
Pressure (hPa),2025-02-03T03:00:00Z,1010.7,1010.9,1011.1,1010.9,1011.0194346183587,-0.1194312530348222,22.117286913559322,22.02594507249652
Pressure (hPa),2025-02-03T03:30:00Z,1010.3,1010.5,1010.8,1010.4,1010.6301402746761,-0.13013527943082445,22.287678210982456,22.196335669559367
Pressure (hPa),2025-02-03T04:00:00Z,1009.8,1010,1010.2,1010,1010.1386405682782,-0.13863426160748077,22.40539914444562,22.31405602648588
Pressure (hPa),2025-02-03T04:30:00Z,1009.4,1009.4,1009.8,1009.5,1009.6697899852993,-0.14478396927119708,22.482703849366136,22.39136032240729
Pressure (hPa),2025-02-03T05:00:00Z,1009.1,1009.1,1009.5,1009.1,1009.34847919612,-0.14847507325004206,22.534598523461312,22.44325478733265
Pressure (hPa),2025-02-03T05:30:00Z,1008.6,1009,1009.1,1009,1009.0746446127015,-0.14964109902240644,22.577818440657193,22.48647471385776
Pressure (hPa),2025-02-03T06:00:00Z,1008.1,1008.8,1008.6,1008.8,1008.7232690258844,-0.14826451724644596,22.629687195896672,22.53834370070196
Pressure (hPa),2025-02-03T06:30:00Z,1007.6,1008.3,1008.1,1008.4,1008.2443822046897,-0.14437605989819943,22.70693596325673,22.61559291057004
Pressure (hPa),2025-02-03T07:00:00Z,1007.5,1008,1007.9,1008.2,1008.0380377332999,-0.13803508560419953,22.824563270892863,22.73322084587301
Pressure (hPa),2025-02-03T07:30:00Z,1007.4,1007.6,1008,1007.9,1007.8543464434542,-0.12934408642398768,22.994813021967307,22.90347137141291
Pressure (hPa),2025-02-03T08:00:00Z,1007.4,1007.8,1007.9,1007.8,1007.8434433073511,-0.11844316744725492,23.22634041174013,23.134999634090043
Pressure (hPa),2025-02-03T08:30:00Z,1008.3,1008,1008.1,1008.1,1008.2304898215784,-0.10549478799636715,23.523622561782176,23.432282700412678
Pressure (hPa),2025-02-03T09:00:00Z,1008.9,1008.3,1008.4,1008.4,1008.5907129539384,-0.0907175761899807,23.88665399204001,23.795315032315823
Pressure (hPa),2025-02-03T09:30:00Z,1009,1008.5,1008.6,1008.5,1008.724377172536,-0.07437888767329259,24.31094762319749,24.21960949347596
Pressure (hPa),2025-02-03T10:00:00Z,1009.3,1008.8,1008.8,1008.7,1008.9567491371417,-0.05675211887647259,24.787841173023505,24.696503749543897
Pressure (hPa),2025-02-03T10:30:00Z,1009,1009.3,1009,1008.9,1009.0881446275553,-0.038146313591555674,25.305088002037657,25.213751117361056
Pressure (hPa),2025-02-03T11:00:00Z,1009,1009.3,1009.1,1008.8,1009.0688905310192,-0.018890283954776037,25.847692092848195,25.756355547272452
Pressure (hPa),2025-02-03T11:30:00Z,1009.1,1009.3,1008.9,1009,1009.0743103804336,6.895500198053e-4,26.398930230763103,26.307593805934722
Pressure (hPa),2025-02-03T12:00:00Z,1008.9,1009.4,1008.7,1009,1008.9797505367048,0.020250676666820008,26.941491718556335,26.850155192351625
Pressure (hPa),2025-02-03T12:30:00Z,1009.2,1009.3,1008.5,1009.1,1008.9855332826147,0.039466643182440954,27.45865796869541,27.367321130356405
Pressure (hPa),2025-02-03T13:00:00Z,1009.1,1008.9,1008.3,1008.8,1008.7170144355591,0.057989010000933545,27.935441612657577,27.844104277151907
Pressure (hPa),2025-02-03T13:30:00Z,1008.7,1009.5,1008,1009,1008.7244789177684,0.07552098644975001,28.359607531640805,28.268269552266887
Pressure (hPa),2025-02-03T14:00:00Z,1008.3,1009.2,1008,1009,1008.5332532431573,0.09174921057735934,28.722506258060903,28.63116753643951
Pressure (hPa),2025-02-03T14:30:00Z,1008.1,1008.2,1008.7,1008.2,1008.1936165040622,0.10638785400494971,29.019662976936406,28.928323469708733
Pressure (hPa),2025-02-03T15:00:00Z,1007.3,1008,1007.6,1008.3,1007.6808298777105,0.11917670210561375,29.251082003344354,29.1597417251194
Pressure (hPa),2025-02-03T15:30:00Z,1007.2,1007.6,1007.1,1008,1007.3451009147977,0.12990339308450777,29.421245995871896,29.329905018223542
Pressure (hPa),2025-02-03T16:00:00Z,1007.2,1007.6,1007.5,1007.7,1007.3615977426464,0.1384020456767699,29.53880996813776,29.447468414719644
Pressure (hPa),2025-02-03T16:30:00Z,1006.8,1007.4,1007.3,1007.6,1007.1304798661649,0.14452309938484065,29.616010964263552,29.524669002375248
Pressure (hPa),2025-02-03T17:00:00Z,1006.8,1007.3,1007.1,1007.4,1007.0018416447326,0.14816000586287192,29.667833650630353,29.576491479809917
Pressure (hPa),2025-02-03T17:30:00Z,1006.8,1007.4,1007,1007.5,1007.0257404794665,0.1492592138807033,29.71098872114564,29.61964655956637
Pressure (hPa),2025-02-03T18:00:00Z,1006.4,1007,1006.9,1007.4,1006.7772085857038,0.14779460327903993,29.762773778213006,29.671431847812183
Pressure (hPa),2025-02-03T18:30:00Z,1006.4,1006.7,1007,1007.1,1006.6562131974651,0.14378835506247292,29.839894362896413,29.748552874249533
Pressure (hPa),2025-02-03T19:00:00Z,1006.5,1006.4,1006.6,1007,1006.4876919664014,0.13731019594933763,29.957325516899274,29.86598465487074
Pressure (hPa),2025-02-03T19:30:00Z,1006.2,1006.3,1006.7,1006.7,1006.346531081467,0.1284707298199451,30.12729148091221,30.035951392060742
Pressure (hPa),2025-02-03T20:00:00Z,1006.4,1006.6,1006.6,1007,1006.5325570333678,0.11744057965602847,30.358433059901536,30.267093842498326
Pressure (hPa),2025-02-03T20:30:00Z,1006.5,1006.8,1006.7,1007.1,1006.6705850032188,0.10441322567967372,30.655219370211814,30.563881067550813
Pressure (hPa),2025-02-03T21:00:00Z,1007.1,1007.1,1007,1007.3,1007.0353692301015,0.0896260891609556,31.01764400438671,30.92630660184306
Pressure (hPa),2025-02-03T21:30:00Z,1007.4,1007.8,1007.4,1007.8,1007.5266488873814,0.07334480872638942,31.44122624897195,31.349889675007432
Pressure (hPa),2025-02-03T22:00:00Z,1007.5,1008.2,1007.7,1008.2,1007.8441599217956,0.05583600402318246,31.91731719401424,31.825981325061186
Pressure (hPa),2025-02-03T22:30:00Z,1007.6,1008.3,1007.9,1008.5,1008.0376094041641,0.03738811355870046,32.433689799202526,32.34235446809202
Pressure (hPa),2025-02-03T23:00:00Z,1007.5,1008.3,1008,1008.3,1008.0067023096558,0.018298086933972224,32.9753726452111,32.88403765257095
Pressure (hPa),2025-02-03T23:30:00Z,1007.5,1008.2,1007.9,1008.3,1007.9761078724611,-0.00110747988283024,33.52567051422193,33.4343356420667
Pressure (hPa),2025-02-04T00:00:00Z,1007.4,1007.9,1007.6,1008.1,1007.7705133259909,-0.02051068786825107,34.06730223634862,33.97596726293601
Pressure (hPa),2025-02-04T00:30:00Z,1007.2,1007.4,1007.5,1007.8,1007.5145862832571,-0.039582999290206006,34.583578269854605,34.49224298479527
Pressure (hPa),2025-02-04T01:00:00Z,1007.1,1006.9,1007.1,1007.4,1007.1830078482576,-0.05800359357093479,35.0595377918398,34.96820201043132
Pressure (hPa),2025-02-04T01:30:00Z,1006.8,1006.8,1007.3,1007.2,1007.1004400282457,-0.07543896877133259,35.482967843892986,35.391631419701426
Pressure (hPa),2025-02-04T02:00:00Z,1006.6,1006.5,1007,1006.7,1006.7916094441654,-0.09160548140365395,35.84523511572478,35.75389795055646
Pressure (hPa),2025-02-04T02:30:00Z,1006.5,1006.4,1006.8,1006.5,1006.6562188116296,-0.10621707437245091,36.14187371349184,36.05053576407692
Pressure (hPa),2025-02-04T03:00:00Z,1006.9,1006.1,1006.4,1006.2,1006.5190236165987,-0.11902185619514784,36.37288888207737,36.28155016300923
Pressure (hPa),2025-02-04T03:30:00Z,1007.3,1005.8,1006.1,1005.8,1006.3798028275811,-0.12980104119491098,36.542756002833585,36.451416585564935
Pressure (hPa),2025-02-04T04:00:00Z,1007.7,1006,1005.9,1005.4,1006.3883624497439,-0.13836255957466076,36.66011495403985,36.5687749620038
Pressure (hPa),2025-02-04T04:30:00Z,1008.1,1006.7,1005.9,1006,1006.8195287568366,-0.14453428922618258,36.73718068627584,36.645840286465614
Pressure (hPa),2025-02-04T05:00:00Z,1008.3,1007.8,1006.4,1006.8,1007.4731770180938,-0.14818540517818843,36.78891021273169,36.697569604312406
Pressure (hPa),2025-02-04T05:30:00Z,1008.5,1008.1,1006.9,1007.8,1007.9742453954092,-0.14925182470405177,36.8319828236659,36.74064222439627
Pressure (hPa),2025-02-04T06:00:00Z,1008.7,1008.4,1007.6,1007.9,1008.2977246345401,-0.14772878515784738,36.883663068994075,36.792322700382506
Pressure (hPa),2025-02-04T06:30:00Z,1009.1,1009.2,1008.1,1008.9,1008.968620996442,-0.14362960483849968,36.960624041807215,36.869284114015564
Pressure (hPa),2025-02-04T07:00:00Z,1009.7,1010.5,1008.9,1010.3,1009.986976675002,-0.13698974174277814,37.07781119170888,36.986471889231886
Pressure (hPa),2025-02-04T07:30:00Z,1010,1010.6,1010.1,1010.1,1010.3279451962438,-0.12794957129806314,37.24742411626593,37.15608558536265
Pressure (hPa),2025-02-04T08:00:00Z,1010.8,1010.7,1010.7,1010.1,1010.6916805982963,-0.11668526549600876,37.47808571322392,37.38674805195787
Pressure (hPa),2025-02-04T08:30:00Z,1011.4,1011.2,1011,1010.6,1011.1533755061181,-0.1033814302909414,37.77425527923711,37.68291853080238
Pressure (hPa),2025-02-04T09:00:00Z,1012,1011.8,1011.8,1011.4,1011.838236859293,-0.08824564703233045,38.13592548999302,38.044589639781236
Pressure (hPa),2025-02-04T09:30:00Z,1012.6,1012.2,1012.3,1012,1012.3465391835053,-0.07154570576900657,38.55862383155705,38.467288808163694
Pressure (hPa),2025-02-04T10:00:00Z,1013.1,1012.7,1012.7,1012.5,1012.8035693288765,-0.053575193263604506,39.03371829690541,38.942383977006294
Pressure (hPa),2025-02-04T10:30:00Z,1013.7,1013.1,1013.1,1012.8,1013.2096418818184,-0.03464709235658342,39.54900643090121,39.457672647665675
Pressure (hPa),2025-02-04T11:00:00Z,1013.9,1013.5,1013.6,1013.4,1013.6150810711013,-0.015086273521407696,40.089547513029125,39.99821406749609
Pressure (hPa),2025-02-04T11:30:00Z,1014.1,1013.4,1013.8,1013.4,1013.6702586669217,0.0047406250627439715,40.63868112151705,40.54734779615789
Pressure (hPa),2025-02-04T12:00:00Z,1014.2,1013.5,1013.6,1013.5,1013.6755126766438,0.024487255938966678,41.17916264781341,41.08782922135742
Pressure (hPa),2025-02-04T12:30:00Z,1014.1,1013.4,1013.5,1013.4,1013.5561970564378,0.04380447456561967,41.694338385498,41.603004648010184
Pressure (hPa),2025-02-04T13:00:00Z,1014.3,1013.5,1013.5,1013.3,1013.5876258508066,0.062373745914757854,42.16928013999692,42.077945907179725
Pressure (hPa),2025-02-04T13:30:00Z,1014.2,1013.5,1013.7,1013.4,1013.620120763746,0.07987881929715208,42.59180207526109,42.500467201007666
Pressure (hPa),2025-02-04T14:00:00Z,1014.4,1013.4,1013.6,1013.4,1013.6039837893447,0.09601641771536712,42.953290542212244,42.86195492855445
Pressure (hPa),2025-02-04T14:30:00Z,1014.2,1013.5,1013.7,1013.4,1013.5894904310849,0.1105097548842159,43.24929037621093,43.15795397998527
Pressure (hPa),2025-02-04T15:00:00Z,1014,1013.3,1013.5,1013.3,1013.4019034763156,0.12309893066304856,43.479807742045296,43.38847057782361
Pressure (hPa),2025-02-04T15:30:00Z,1014,1013.2,1013.4,1013.2,1013.3164305481176,0.13357054860329634,43.64930891779555,43.557971056880135
Pressure (hPa),2025-02-04T16:00:00Z,1013.8,1013.1,1013.3,1013,1013.1582581200879,0.14174390944683243,43.7664151298226,43.67507669537592
Pressure (hPa),2025-02-04T16:30:00Z,1013.9,1013.1,1013.2,1013,1013.1525146773574,0.14748539633733737,43.84331426878091,43.75197542742194
Pressure (hPa),2025-02-04T17:00:00Z,1014,1013.1,1013.3,1013,1013.1992935355884,0.15070586418834678,43.894929617891016,43.80359056833121
Relative Humidity (%),2025-02-01T17:30:00Z,88,67,82,79,41.410403958145174,9.44387905531007,21.343031243147866,9.006680251659793
Relative Humidity (%),2025-02-01T18:00:00Z,90,76,84,81,59.9733565954561,13.325868726696948,30.435772569357784,16.515581325876635
Relative Humidity (%),2025-02-01T18:30:00Z,91,74,85,80,65.55764547058604,14.186600407063441,37.93489432580881,23.685913085903454
Relative Humidity (%),2025-02-01T19:00:00Z,91,43,85,78,62.61258509425152,13.077889152408499,44.84071401534034,30.343069048975007
Relative Humidity (%),2025-02-01T19:30:00Z,92,40,85,56,58.61541329463129,11.57260292515368,51.111247573235374,36.31727965062671
Relative Humidity (%),2025-02-01T20:00:00Z,87,40,72,44,53.49705464282061,9.709044680886294,56.621476820063535,41.47835302684708
Relative Humidity (%),2025-02-01T20:30:00Z,89,40,62,42,51.16674961594151,8.188604533236083,61.27082979201875,45.74283592747604
Relative Humidity (%),2025-02-01T21:00:00Z,72,39,57,38,47.1144613750268,6.2844231998848095,65.00434933950709,49.079599607014096
Relative Humidity (%),2025-02-01T21:30:00Z,60,40,45,38,43.22784523657164,4.321505496567772,67.82096471610897,51.51348469897244
Relative Humidity (%),2025-02-01T22:00:00Z,38,39,36,32,37.07127647772341,1.9968431265130424,69.77634662246227,53.125510492291404
Relative Humidity (%),2025-02-01T22:30:00Z,36,37,33,31,35.03270701998812,0.14118078670635664,70.98084039713117,54.04865224378046
Relative Humidity (%),2025-02-01T23:00:00Z,35,34,31,29,34.20672698826274,-1.5854031189497328,71.5923403740764,54.45884338563748
Relative Humidity (%),2025-02-01T23:30:00Z,30,32,31,30,34.04146271467277,-3.217599367900515,71.80443453631803,54.561639641774505
Relative Humidity (%),2025-02-02T00:00:00Z,29,30,31,29,34.353236934488464,-4.742112525075293,71.83088752554328,54.57577963154369
Relative Humidity (%),2025-02-02T00:30:00Z,27,28,29,28,34.26526175763881,-6.226108319549506,71.88819721172175,54.71549719197539
Relative Humidity (%),2025-02-02T01:00:00Z,27,27,28,27,34.63454867573192,-7.549150174550866,72.17831982233861,55.1737041493308
Relative Humidity (%),2025-02-02T01:30:00Z,28,27,27,27,35.51816873475182,-8.663456978663582,72.87359208372722,56.10798793165788
Relative Humidity (%),2025-02-02T02:00:00Z,28,28,28,27,36.74666815036258,-9.549187421233784,74.10541067411339,57.63081295186682
Relative Humidity (%),2025-02-02T02:30:00Z,26,26,27,27,36.847504746472524,-10.393155369789236,75.9575082613475,59.80454785307244
Relative Humidity (%),2025-02-02T03:00:00Z,25,27,26,25,36.831320918872066,-11.073940872354918,78.46389820568766,62.641174759439636
Relative Humidity (%),2025-02-02T03:30:00Z,25,25,26,26,36.97353805425294,-11.53887005555086,81.61093189618522,66.10594792838234
Relative Humidity (%),2025-02-02T04:00:00Z,25,25,29,24,37.34021763412397,-11.759833500434036,85.34253135536895,70.12394788465842
Relative Humidity (%),2025-02-02T04:30:00Z,23,24,26,25,36.73084428090188,-11.947270845163226,89.56754079800919,74.588420394453
Relative Humidity (%),2025-02-02T05:00:00Z,23,25,37,24,38.14946001301669,-11.562699145378245,94.16822905327138,79.369928610803
Relative Humidity (%),2025-02-02T05:30:00Z,23,24,42,25,39.08250388310988,-11.020048956923526,99.0091816068918,84.32558627625212
Relative Humidity (%),2025-02-02T06:00:00Z,22,23,37,24,37.79805471632935,-10.694983174552453,103.9460590856269,89.30789251387571
Relative Humidity (%),2025-02-02T06:30:00Z,25,24,40,23,37.90579517246315,-9.956349219187961,108.83390324035884,94.17289359026837
Relative Humidity (%),2025-02-02T07:00:00Z,24,24,32,24,36.19791579062342,-9.398478756881545,113.53480636451515,98.78752454006785
Relative Humidity (%),2025-02-02T07:30:00Z,45,23,34,24,38.43674207414629,-7.980500638148479,117.92481730130355,103.03603128000624
Relative Humidity (%),2025-02-02T08:00:00Z,80,25,38,28,45.16114778120235,-5.529360189554413,121.89994917554733,106.82535891298933
Relative Humidity (%),2025-02-02T08:30:00Z,79,28,38,34,47.34083677698385,-3.5951838089089114,125.38110674991884,110.08934324676953
Relative Humidity (%),2025-02-02T09:00:00Z,92,63,51,36,56.594025289656905,-0.32798719390172365,128.31769779081037,112.79149398686619
Relative Humidity (%),2025-02-02T09:30:00Z,78,64,60,50,59.49871911714796,2.1817472533783295,130.68966642097797,114.92614194093741
Relative Humidity (%),2025-02-02T10:00:00Z,68,55,58,47,55.27740597588131,3.6267172458510024,132.5077141808194,116.5177631528637
Relative Humidity (%),2025-02-02T10:30:00Z,89,46,68,49,56.66170474303839,5.717973375749599,133.81157039516526,117.61840019404728
Relative Humidity (%),2025-02-02T11:00:00Z,89,54,66,53,57.46677071196918,7.674557367507842,134.66633325273847,118.3032664870147
Relative Humidity (%),2025-02-02T11:30:00Z,88,100,80,58,66.68603309592555,10.726288714966767,135.15710317430478,118.66481667026541
Relative Humidity (%),2025-02-02T12:00:00Z,83,100,90,86,73.25968167770148,13.58628544040983,135.38233201158698,118.80575479770108
Relative Humidity (%),2025-02-02T12:30:00Z,78,100,86,92,73.36445445856484,15.589372633550239,135.4464716366199,118.83159017658205
Relative Humidity (%),2025-02-02T13:00:00Z,86,99,77,92,71.9842245600274,17.123292555174622,135.45258713112432,118.84340518688234
Relative Humidity (%),2025-02-02T13:30:00Z,73,93,81,95,68.83543171688001,18.050394044748668,135.49558481033577,118.93145735916619
Relative Humidity (%),2025-02-02T14:00:00Z,82,94,84,94,69.27612388164124,19.02974969361397,135.6565986630775,119.1701093264812
Relative Humidity (%),2025-02-02T14:30:00Z,82,92,90,96,69.9579650753181,19.74117624493172,135.9989060497146,119.6143942033412
Relative Humidity (%),2025-02-02T15:00:00Z,87,98,94,95,72.15209441022573,20.377572176944195,136.56554211025727,120.29831924469539
Relative Humidity (%),2025-02-02T15:30:00Z,79,90,94,95,70.2142139549055,20.145021941321527,137.37859030857157,121.23482432733783
Relative Humidity (%),2025-02-02T16:00:00Z,67,83,89,97,66.47997927417337,19.18021538619655,138.43997290538218,122.4171702635955
Relative Humidity (%),2025-02-02T16:30:00Z,82,88,81,96,67.71332658002335,18.486923987557972,139.73346490297772,123.82144688076153
Relative Humidity (%),2025-02-02T17:00:00Z,70,84,70,95,64.42050376550117,16.8005766679122,141.22760906406103,125.40986005656215
Relative Humidity (%),2025-02-02T17:30:00Z,62,86,81,94,65.12108175755111,15.315364109744376,142.87920850413676,127.1344688464422
Relative Humidity (%),2025-02-02T18:00:00Z,60,84,81,91,65.36328008526037,13.528185891513337,144.63710243182229,128.94108272872722
Relative Humidity (%),2025-02-02T18:30:00Z,71,72,78,89,65.76857155654989,11.549699889541609,146.44597485157357,130.77307970053505
Relative Humidity (%),2025-02-02T19:00:00Z,71,68,74,85,65.40079391898465,9.26410419166856,148.2499934148331,132.57495699479628
Relative Humidity (%),2025-02-02T19:30:00Z,68,63,73,80,64.61865506658825,6.731784225813675,149.9961186014061,134.2954709077892
Relative Humidity (%),2025-02-02T20:00:00Z,69,61,76,88,67.53463210156052,4.660513291328201,151.6369590960927,135.89025855609785
Relative Humidity (%),2025-02-02T20:30:00Z,69,54,75,87,68.49099115030258,2.331801752880629,153.133078285578,137.3238636788479
Relative Humidity (%),2025-02-02T21:00:00Z,68,60,70,85,69.98592313693183,0.09770257112616343,154.45468212703727,138.57111412327424
Relative Humidity (%),2025-02-02T21:30:00Z,63,61,67,79,69.87222265440124,-2.3216595810780145,155.5826438093604,139.617824034079
Relative Humidity (%),2025-02-02T22:00:00Z,70,54,60,77,69.91393854104183,-4.682443966247116,156.50884857579004,140.46082175406872
Relative Humidity (%),2025-02-02T22:30:00Z,75,45,57,66,68.53896602732677,-7.180515368845661,157.23587414185977,141.10733604024483
Relative Humidity (%),2025-02-02T23:00:00Z,76,45,50,47,65.63810764838244,-9.857402257170449,157.77605760597285,141.5738073388788
Relative Humidity (%),2025-02-02T23:30:00Z,76,33,50,39,63.08460517364267,-12.459609930303523,158.15003592271188,141.88422461630674
Relative Humidity (%),2025-02-03T00:00:00Z,74,35,48,37,63.09281867377351,-14.596430842156146,158.38487982885104,142.06811750674095
Relative Humidity (%),2025-02-03T00:30:00Z,72,33,51,37,64.1267727296694,-16.330842529581705,158.511966104334,142.15835403706296
Relative Humidity (%),2025-02-03T01:00:00Z,65,33,51,37,64.28900044015941,-17.86017030979468,158.56474641029533,142.18890252817332
Relative Humidity (%),2025-02-03T01:30:00Z,54,29,49,33,61.804978425071965,-19.465934205974623,158.57657046293687,142.19271078972767
Relative Humidity (%),2025-02-03T02:00:00Z,53,28,49,32,61.30137359040108,-20.58064456546862,158.57870688680728,142.19983690198967
Relative Humidity (%),2025-02-03T02:30:00Z,52,27,49,33,61.45564868321774,-21.273270746817566,158.5986787845077,142.23593623565475
Relative Humidity (%),2025-02-03T03:00:00Z,51,26,44,33,60.61207843691121,-21.742201736723995,158.65899655185075,142.32117288906514
Relative Humidity (%),2025-02-03T03:30:00Z,53,24,39,26,58.50217908222717,-22.076559299531485,158.77633229360202,142.46958504036414
Relative Humidity (%),2025-02-03T04:00:00Z,58,24,31,25,57.13821216431304,-22.039426354709878,158.96114284765892,142.68889718701035
Relative Humidity (%),2025-02-03T04:30:00Z,52,20,29,19,53.59254026896283,-22.034804617865618,159.21771560678215,142.980741297569
Relative Humidity (%),2025-02-03T05:00:00Z,53,22,27,17,52.003314574019406,-21.554583956317632,159.54458549208945,143.3412256232584
Relative Humidity (%),2025-02-03T05:30:00Z,61,23,28,18,52.660324365914875,-20.449392472372697,159.93525367049904,143.76177502816546
Relative Humidity (%),2025-02-03T06:00:00Z,46,25,30,20,50.559398917016814,-19.38449559748624,160.37912880894731,144.2301597677742
Relative Humidity (%),2025-02-03T06:30:00Z,40,23,31,18,47.564861384063235,-18.245969147752703,160.86260885716283,144.7316294762221
Relative Humidity (%),2025-02-03T07:00:00Z,37,22,29,20,45.017150377957556,-16.894746855263573,161.3702241317477,145.25007415521762
Relative Humidity (%),2025-02-03T07:30:00Z,43,21,31,20,44.22375814337476,-15.124194467280873,161.88576932712502,145.7691426213578
Relative Humidity (%),2025-02-03T08:00:00Z,51,23,30,21,44.2500165545636,-13.011584779588423,162.39336165253778,146.27325981165416
Relative Humidity (%),2025-02-03T08:30:00Z,59,24,33,22,44.83205208242577,-10.588402093145262,162.87837352533143,146.74849653869785
Relative Humidity (%),2025-02-03T09:00:00Z,65,24,34,23,44.65019090378833,-8.070125596560906,163.32820038015387,147.1832580123268
Relative Humidity (%),2025-02-03T09:30:00Z,66,28,35,25,44.17707617861631,-5.468896258925067,163.73283666495138,147.56877022834465
Relative Humidity (%),2025-02-03T10:00:00Z,66,31,39,26,43.58125811380526,-2.819249171562057,164.08524561339644,147.89935582342036
Relative Humidity (%),2025-02-03T10:30:00Z,63,50,40,29,44.82562866621754,0.12753174005949103,164.38152057605075,148.17250289691884
Relative Humidity (%),2025-02-03T11:00:00Z,66,58,48,37,47.63580906975941,3.3801046621944426,164.62084719219953,148.3887412565253
Relative Humidity (%),2025-02-03T11:30:00Z,74,64,47,47,50.18798662623872,6.691979219199733,164.8052860599246,148.55135014716348
Relative Humidity (%),2025-02-03T12:00:00Z,70,63,46,57,49.66379875129445,9.566100367881786,164.939404334716,148.66592932786787
Relative Humidity (%),2025-02-03T12:30:00Z,63,61,48,58,46.83841367583105,11.900067517671214,165.0297913837817,148.73987094687675
Relative Humidity (%),2025-02-03T13:00:00Z,57,62,47,62,44.235251869044824,13.905296444375466,165.0844978520571,148.78177270594037
Relative Humidity (%),2025-02-03T13:30:00Z,60,56,51,63,42.56526308782573,15.666164015916928,165.11243902044973,148.8008331425026
Relative Humidity (%),2025-02-03T14:00:00Z,62,57,57,64,42.6405141970563,17.32653533828002,165.12280213182243,148.80626754919993
Relative Humidity (%),2025-02-03T14:30:00Z,65,61,65,69,44.95554643908099,19.030910604748204,165.12449363353096,148.8067783771982
Relative Humidity (%),2025-02-03T15:00:00Z,63,55,64,67,43.129696634997146,19.919638101651014,165.12565646132265,148.810107417475
Relative Humidity (%),2025-02-03T15:30:00Z,65,56,62,68,42.48906657401129,20.541403281816738,165.13328015777427,148.82268924987048
Relative Humidity (%),2025-02-03T16:00:00Z,71,56,68,68,43.99337680454819,21.0979630246495,165.15291846003967,148.84941708700987
Relative Humidity (%),2025-02-03T16:30:00Z,61,56,71,68,43.27182660017146,21.044152040016048,165.18852069630026,148.89352389685646
Relative Humidity (%),2025-02-03T17:00:00Z,71,48,72,69,43.920205498612205,20.795805803963123,165.242375522023,148.95657415502038
Relative Humidity (%),2025-02-03T17:30:00Z,79,49,74,69,46.247375481911874,20.483125028709704,165.3151587080199,149.0385552109149
Relative Humidity (%),2025-02-03T18:00:00Z,79,49,71,75,47.91522187468075,19.853975938897964,165.4060712113149,149.1380523446424
Relative Humidity (%),2025-02-03T18:30:00Z,81,48,70,71,48.45413816168463,18.809682694860992,165.51304980639782,149.25248827794786
Relative Humidity (%),2025-02-03T19:00:00Z,80,48,64,69,48.07891016860382,17.335556587295,165.6330301725632,149.3784061755568
Relative Humidity (%),2025-02-03T19:30:00Z,80,44,62,66,47.651858370450555,15.535342735732309,165.7622414488221,149.51177491556027
Relative Humidity (%),2025-02-03T20:00:00Z,72,43,55,62,45.66420461823658,13.207147014599915,165.89651172252422,149.64829642677688
Relative Humidity (%),2025-02-03T20:30:00Z,69,40,56,57,45.03194386335774,10.745230339783435,166.03156549979073,149.78369695176312
Relative Humidity (%),2025-02-03T21:00:00Z,74,40,52,55,46.32618404639137,8.356461016065106,166.1632966775755,149.91398694382636
Relative Humidity (%),2025-02-03T21:30:00Z,69,41,49,56,47.40877069438944,5.866695399319496,166.28800365466432,150.0356776936468
Relative Humidity (%),2025-02-03T22:00:00Z,67,38,45,51,47.199523628517596,3.142185499157237,166.4025767442588,150.14594646677781
Relative Humidity (%),2025-02-03T22:30:00Z,70,36,42,52,48.719434271370105,0.6145150231278526,166.50463175918415,150.24274569632493
Relative Humidity (%),2025-02-03T23:00:00Z,62,34,39,46,47.837441285088246,-2.2010015391138196,166.59258732453674,150.32485541564384
Relative Humidity (%),2025-02-03T23:30:00Z,46,32,39,45,46.30134861541325,-5.128438656830523,166.6656869440336,150.39188145750526
Relative Humidity (%),2025-02-04T00:00:00Z,50,29,36,42,46.78725882148964,-7.75008150278482,166.72396994122096,150.44420483889215
Relative Humidity (%),2025-02-04T00:30:00Z,52,27,34,31,46.471026392511256,-10.332544242460015,166.76819797866264,150.48289007479943
Relative Humidity (%),2025-02-04T01:00:00Z,46,25,31,25,45.204434664183566,-12.899865294300739,166.7997458241811,150.50956183564108
Relative Humidity (%),2025-02-04T01:30:00Z,41,24,31,25,45.313669748519565,-15.111491126144982,166.82046631844622,150.5262603360868
Relative Humidity (%),2025-02-04T02:00:00Z,33,22,28,24,44.37639723919419,-17.21612022868007,166.8325400802435,150.53528611546994
Relative Humidity (%),2025-02-04T02:30:00Z,32,23,28,23,45.04517574483894,-18.837898628581485,166.83832038554652,150.53904448067098
Relative Humidity (%),2025-02-04T03:00:00Z,56,23,27,21,49.39198089057295,-19.544458613121765,166.84018293631604,150.5398989097468
Relative Humidity (%),2025-02-04T03:30:00Z,70,24,26,23,53.59722086197381,-19.687682565853972,166.84038899264533,150.54004126896555
Relative Humidity (%),2025-02-04T04:00:00Z,77,35,28,22,57.87096287773668,-19.24139274656792,166.84096870214955,150.54138491028422
Relative Humidity (%),2025-02-04T04:30:00Z,75,58,36,39,66.05048880836378,-17.63036007115318,166.8436295640435,150.54548473517536
Relative Humidity (%),2025-02-04T05:00:00Z,77,71,50,60,75.44852681174514,-15.06182115360271,166.8496929570636,150.55348627828064
Relative Humidity (%),2025-02-04T05:30:00Z,71,76,56,66,78.54115164939842,-12.644776288022634,166.860059678256,150.56610391402097
Relative Humidity (%),2025-02-04T06:00:00Z,74,72,61,70,79.17603593350567,-10.203934933897447,166.87520360533367,150.5836265347701
Relative Humidity (%),2025-02-04T06:30:00Z,74,72,63,67,77.58475091006382,-7.888184233103744,166.89519100708384,150.6059475786783
Relative Humidity (%),2025-02-04T07:00:00Z,73,75,65,72,76.92651010876908,-5.388358624901289,166.91972175512146,150.63261515818024
Relative Humidity (%),2025-02-04T07:30:00Z,68,76,66,74,74.91788974426743,-3.0385581344146586,166.9481877783875,150.66289728718178
Relative Humidity (%),2025-02-04T08:00:00Z,71,76,68,77,73.9934927452889,-0.588797354934475,166.97974356385433,150.69585682933246
Relative Humidity (%),2025-02-04T08:30:00Z,72,81,67,79,73.2377194815997,1.843161198436947,167.01338333311676,150.73043077178116
Relative Humidity (%),2025-02-04T09:00:00Z,74,77,69,75,70.84517294623166,3.9523056938950756,167.04801968453583,150.76550872959172
Relative Humidity (%),2025-02-04T09:30:00Z,76,76,73,75,69.54704121357985,6.021292032481147,167.08255893836355,150.80000615299903
Relative Humidity (%),2025-02-04T10:00:00Z,75,86,75,73,69.2917009768718,8.070087723254163,167.1159691007441,150.83292848132484
Relative Humidity (%),2025-02-04T10:30:00Z,76,86,77,75,68.7905259034173,9.928884810154932,167.14733720828613,150.86342339769737
Relative Humidity (%),2025-02-04T11:00:00Z,76,85,78,73,67.24540397030478,11.431016849572714,167.17591376231397,150.89081932133428
Relative Humidity (%),2025-02-04T11:30:00Z,76,85,78,73,65.90650901697126,12.679607025625915,167.2011429466367,150.9146492657294
Relative Humidity (%),2025-02-04T12:00:00Z,74,79,78,76,64.02286483411501,13.551685068949697,167.22267828486756,150.9346601342421
Relative Humidity (%),2025-02-04T12:30:00Z,77,79,79,75,63.46225964751855,14.28312946278398,167.24038428023147,150.9508083701936
Relative Humidity (%),2025-02-04T13:00:00Z,77,77,79,75,62.6535830753027,14.700376177105463,167.25432534876705,150.96324358750655
Relative Humidity (%),2025-02-04T13:30:00Z,76,76,79,71,61.33479847300073,14.742411139923336,167.2647439729606,150.97228235239197
Relative Humidity (%),2025-02-04T14:00:00Z,84,77,78,74,62.75740950414387,14.869962051811116,167.27203044572167,150.97837465053567
Relative Humidity (%),2025-02-04T14:30:00Z,74,80,77,78,62.6832098270822,14.59926376369062,167.27668683481207,150.9820657535501
Relative Humidity (%),2025-02-04T15:00:00Z,75,75,75,78,62.04181604244082,13.988883290718405,167.27928787737503,150.98395620010064
Relative Humidity (%),2025-02-04T15:30:00Z,71,75,73,74,60.78863979733161,13.009788878762254,167.2804414256335,150.98466244795608
Relative Humidity (%),2025-02-04T16:00:00Z,68,78,73,73,60.96902080275202,11.952039905876001,167.2807508295866,150.98478045820414
Relative Humidity (%),2025-02-04T16:30:00Z,71,76,70,74,61.666515590960394,10.77824492873878,167.28078128891812,150.98485407281734
Relative Humidity (%),2025-02-04T17:00:00Z,71,75,70,72,62.28243478367407,9.448025110339337,167.28103176715152,150.9853495759372
Wind Speed (km/h),2025-02-01T17:30:00Z,0,7,0,0,0.24744303804530327,0.07109856287820009,2.9881888453054777,0.959373855776901
Wind Speed (km/h),2025-02-01T18:00:00Z,0,7,0,0,0.5377296420187514,0.11539373115644412,4.388407253077891,0.9385574404126773
Wind Speed (km/h),2025-02-01T18:30:00Z,0,6,0,0,0.7414239286844323,0.13388632646780266,5.293001034487588,0.9419741285010123
Wind Speed (km/h),2025-02-01T19:00:00Z,0,13,0,2,1.4941655168406536,0.1848271384384652,5.859288549190645,0.9726688272675699
Wind Speed (km/h),2025-02-01T19:30:00Z,0,20,0,6,2.81350543214871,0.25950569461159534,6.219390863156069,1.0335543669786047
Wind Speed (km/h),2025-02-01T20:00:00Z,0,19,0,7,3.771909428013782,0.3128817946432329,6.46360212039203,1.1267630577836727
Wind Speed (km/h),2025-02-01T20:30:00Z,0,22,0,9,4.807255726809425,0.37305016021165033,6.6489075931096275,1.2527986147989378
Wind Speed (km/h),2025-02-01T21:00:00Z,9,26,0,7,6.315306217647438,0.46663008055491373,6.809988005694448,1.4100753289229844
Wind Speed (km/h),2025-02-01T21:30:00Z,7,30,4,9,7.933783884776862,0.5829734800329742,6.967185511004704,1.5948813616967912
Wind Speed (km/h),2025-02-01T22:00:00Z,26,33,9,11,11.108796738731964,0.8200908394296039,7.131504051001399,1.8016528297707817
Wind Speed (km/h),2025-02-01T22:30:00Z,26,32,11,11,13.37350276442422,1.0357545194569735,7.307680035602419,2.023434527492118
Wind Speed (km/h),2025-02-01T23:00:00Z,24,37,9,11,14.999879256682629,1.2254680990888336,7.496146629175287,2.252427480584005
Wind Speed (km/h),2025-02-01T23:30:00Z,30,35,13,13,16.814517296616522,1.4359976028320292,7.694387097984108,2.4805525789932332
Wind Speed (km/h),2025-02-02T00:00:00Z,24,28,9,13,16.865491927915606,1.5079750412743909,7.897945226900337,2.6999847832342567
Wind Speed (km/h),2025-02-02T00:30:00Z,28,33,11,11,17.5206003883583,1.6033804746198437,8.101231302689122,2.903631193807341
Wind Speed (km/h),2025-02-02T01:00:00Z,28,37,11,13,18.392511256572174,1.6963859075799763,8.298194183801948,3.0855381283567342
Wind Speed (km/h),2025-02-02T01:30:00Z,32,32,13,13,19.07010056501382,1.7549867951686156,8.482894711051612,3.2412180597173474
Wind Speed (km/h),2025-02-02T02:00:00Z,28,28,11,11,18.699163669319912,1.7141802070634133,8.649996053964852,3.3678884899833457
Wind Speed (km/h),2025-02-02T02:30:00Z,30,30,13,15,19.163820612655638,1.6976113922548932,8.795173932940362,3.4646137363869514
Wind Speed (km/h),2025-02-02T03:00:00Z,28,33,17,11,19.58067354254445,1.6535140186411943,8.915440575306587,3.532339507026751
Wind Speed (km/h),2025-02-02T03:30:00Z,30,28,13,11,19.396521499721445,1.5496180167160791,9.009370167422265,3.573811165508619
Wind Speed (km/h),2025-02-02T04:00:00Z,30,30,7,9,18.870133048620108,1.3977458609919176,9.07721118257109,3.5933712321979043
Wind Speed (km/h),2025-02-02T04:30:00Z,30,24,7,13,18.40247687311524,1.2178344175493807,9.120873252476217,3.5966404419464157
Wind Speed (km/h),2025-02-02T05:00:00Z,28,28,15,9,18.566473286547676,1.0425199834439636,9.143783578468575,3.5900987705083596
Wind Speed (km/h),2025-02-02T05:30:00Z,22,26,11,13,18.15493904751101,0.822523385039755,9.150619489015813,3.5805961525106245
Wind Speed (km/h),2025-02-02T06:00:00Z,26,24,13,9,17.933828420364183,0.5899309833959923,9.146937611860974,3.5748341570570847
Wind Speed (km/h),2025-02-02T06:30:00Z,22,24,13,9,17.557248993675273,0.33345295127903074,9.138733276494492,3.57886659987935
Wind Speed (km/h),2025-02-02T07:00:00Z,20,20,13,11,17.077918645003777,0.05550922812698236,9.131973068880576,3.597666787830316
Wind Speed (km/h),2025-02-02T07:30:00Z,35,20,19,9,18.20861596294306,-0.13461406446376892,9.132146582814446,3.6348013209226893
Wind Speed (km/h),2025-02-02T08:00:00Z,52,22,11,17,20.434947235764156,-0.21383261450223792,9.143879542767777,3.692236540546488
Wind Speed (km/h),2025-02-02T08:30:00Z,37,17,7,17,20.275858607849013,-0.39763758471763033,9.170640572337797,3.7702867184725424
Wind Speed (km/h),2025-02-02T09:00:00Z,26,43,26,9,22.091556228518467,-0.4220225675294126,9.214560305945598,3.867696402664685
Wind Speed (km/h),2025-02-02T09:30:00Z,30,33,19,19,23.15356785201259,-0.44521052690583013,9.276367233020498,3.9818359727922794
Wind Speed (km/h),2025-02-02T10:00:00Z,37,28,20,15,23.83205306261445,-0.46137350121027354,9.35543226279565,4.108981183669482
Wind Speed (km/h),2025-02-02T10:30:00Z,33,26,19,13,23.669391792827323,-0.5275575744970217,9.44990519241332,4.244644589595158
Wind Speed (km/h),2025-02-02T11:00:00Z,17,30,20,11,22.645787442803645,-0.6736496492237509,9.556921562024296,4.3839283223867795
Wind Speed (km/h),2025-02-02T11:30:00Z,17,32,13,15,21.890217122852935,-0.8119985434757513,9.672857288577426,4.521872131837313
Wind Speed (km/h),2025-02-02T12:00:00Z,9,20,7,19,19.82989415951718,-1.0894749157453898,9.79360987856837,4.653776182004156
Wind Speed (km/h),2025-02-02T12:30:00Z,30,9,7,13,18.728001859228463,-1.3086945686063092,9.914887665455673,4.775483469708504
Wind Speed (km/h),2025-02-02T13:00:00Z,28,19,13,2,18.215826920346732,-1.4760423242277267,10.032491336874646,4.8836111057395355
Wind Speed (km/h),2025-02-02T13:30:00Z,33,24,9,9,18.817669057543203,-1.5221832724394753,10.142574353615949,4.9757228823217865
Wind Speed (km/h),2025-02-02T14:00:00Z,43,26,7,11,20.105688746533687,-1.4613616264893794,10.24187052166161,5.050437823453698
Wind Speed (km/h),2025-02-02T14:30:00Z,43,24,0,9,20.207906950406596,-1.4536716003788617,10.327878166279033,5.107471334771293
Wind Speed (km/h),2025-02-02T15:00:00Z,39,15,4,13,19.912492490616867,-1.4545085931808333,10.398991542815548,5.147607750389241
Wind Speed (km/h),2025-02-02T15:30:00Z,50,13,4,6,19.840453224846357,-1.418388237569554,10.454571857021385,5.172605983252186
Wind Speed (km/h),2025-02-02T16:00:00Z,46,6,4,6,18.978813717527018,-1.427651080761531,10.494953009742074,5.185043788152772
Wind Speed (km/h),2025-02-02T16:30:00Z,46,24,9,7,20.10244037529582,-1.2689912799532361,10.52138111084691,5.188110625401965
Wind Speed (km/h),2025-02-02T17:00:00Z,43,17,9,7,20.116216301221634,-1.1488206222055175,10.535891741412831,5.185363687327247
Wind Speed (km/h),2025-02-02T17:30:00Z,32,20,9,6,19.432083805785197,-1.06642429456898,10.5411343252154,5.18046550058557
Wind Speed (km/h),2025-02-02T18:00:00Z,28,19,9,6,18.559742464998447,-1.002822919619512,10.540157978535994,5.1769237982082705
Wind Speed (km/h),2025-02-02T18:30:00Z,15,19,7,4,16.689816744408358,-1.0346756066907703,10.536176951974626,5.177854432240362
Wind Speed (km/h),2025-02-02T19:00:00Z,17,15,6,11,15.675984318975248,-1.0382429190213336,10.532335538624007,5.185785745103488
Wind Speed (km/h),2025-02-02T19:30:00Z,17,15,2,7,14.382205745849324,-1.0841219773255157,10.53149174581057,5.202518302861799
Wind Speed (km/h),2025-02-02T20:00:00Z,15,17,4,6,13.558131673621743,-1.1149989462747738,10.536036220790042,5.229047919187032
Wind Speed (km/h),2025-02-02T20:30:00Z,13,13,0,17,13.0577767599659,-1.1264830576844913,10.547758416016363,5.265553422548177
Wind Speed (km/h),2025-02-02T21:00:00Z,13,7,6,11,12.272179389167487,-1.1646319678730461,10.567766578985808,5.3114446133300675
Wind Speed (km/h),2025-02-02T21:30:00Z,13,13,9,9,12.23235693734729,-1.1380414060904445,10.596462717450876,5.365461089716786
Wind Speed (km/h),2025-02-02T22:00:00Z,7,7,7,7,11.039712337153425,-1.2104336465392707,10.633568948843678,5.425809518337449
Wind Speed (km/h),2025-02-02T22:30:00Z,7,13,9,9,10.93706196998294,-1.1931841432325376,10.678198054935365,5.490325548948497
Wind Speed (km/h),2025-02-02T23:00:00Z,9,9,7,11,10.710701648015444,-1.1722477581617958,10.72895879119379,5.556646687011454
Wind Speed (km/h),2025-02-02T23:30:00Z,17,32,7,11,12.762566166722358,-0.897796200984335,10.7840854523833,5.622383638177154
Wind Speed (km/h),2025-02-03T00:00:00Z,19,19,6,9,13.118399410372984,-0.7160127165754844,10.841581118215593,5.685279480597635
Wind Speed (km/h),2025-02-03T00:30:00Z,15,19,6,9,13.02641090953772,-0.5572742493766155,10.899364586323893,5.743348127182908
Wind Speed (km/h),2025-02-03T01:00:00Z,11,19,7,7,12.555011815557167,-0.43243069148529567,10.955411967294276,5.794985657029953
Wind Speed (km/h),2025-02-03T01:30:00Z,13,17,4,7,11.970091870796898,-0.32820356069365964,11.007885075600589,5.839050104244793
Wind Speed (km/h),2025-02-03T02:00:00Z,17,19,6,9,12.24500610743158,-0.14849827593019807,11.055240009217883,5.874907181916914
Wind Speed (km/h),2025-02-03T02:30:00Z,19,20,2,7,12.170316681075423,0.006990628469482951,11.096310662230886,5.9024412375765625
Wind Speed (km/h),2025-02-03T03:00:00Z,17,15,2,6,11.497032334217966,0.09891250910746709,11.130363399769955,5.922032539256827
Wind Speed (km/h),2025-02-03T03:30:00Z,19,15,6,9,11.6467019165242,0.24907812696278933,11.157120787182617,5.934503795250865
Wind Speed (km/h),2025-02-03T04:00:00Z,19,20,7,9,12.142889694889838,0.43460642014061934,11.176754111799205,5.94104056765156
Wind Speed (km/h),2025-02-03T04:30:00Z,20,20,7,6,12.295041621263014,0.5959369983448545,11.18984640749339,5.943091832995539
Wind Speed (km/h),2025-02-03T05:00:00Z,19,13,7,15,12.430350411551748,0.7507740198926819,11.19732965991546,5.942258207305198
Wind Speed (km/h),2025-02-03T05:30:00Z,15,24,6,15,12.91852387912793,0.9322003476923144,11.200401649521718,5.940176111307031
Wind Speed (km/h),2025-02-03T06:00:00Z,15,22,7,13,12.995017860323406,1.0750324639330704,11.200429276415612,5.938406263482624
Wind Speed (km/h),2025-02-03T06:30:00Z,15,19,7,11,12.650152416061017,1.1607594535858057,11.198846026590246,5.93833428881121
Wind Speed (km/h),2025-02-03T07:00:00Z,17,24,9,13,13.186899892045084,1.3012160680742848,11.197051371255197,5.941089954857248
Wind Speed (km/h),2025-02-03T07:30:00Z,17,24,9,11,13.383073449731109,1.4056818110603837,11.196319321638999,5.947489730370099
Wind Speed (km/h),2025-02-03T08:00:00Z,15,19,6,9,12.628183855726924,1.3972964834778192,11.197722172903097,5.958005218386498
Wind Speed (km/h),2025-02-03T08:30:00Z,28,17,6,6,12.688574246713374,1.41931719179496,11.202073827213942,5.972757796618524
Wind Speed (km/h),2025-02-03T09:00:00Z,32,9,7,2,12.225422311458138,1.3651372117343243,11.209895200874424,5.991537744359387
Wind Speed (km/h),2025-02-03T09:30:00Z,26,7,6,0,11.129374659158142,1.2032168630164266,11.221402314715636,6.013844440320538
Wind Speed (km/h),2025-02-03T10:00:00Z,20,7,6,0,9.98225103728527,0.97256323675329,11.236515932399547,6.038942999718154
Wind Speed (km/h),2025-02-03T10:30:00Z,11,20,6,2,9.683567466996507,0.7711510542555358,11.254890185323415,6.065932022595581
Wind Speed (km/h),2025-02-03T11:00:00Z,0,17,15,0,9.03172933330388,0.5070506392213975,11.275956579215128,6.093816921505361
Wind Speed (km/h),2025-02-03T11:30:00Z,9,11,11,9,9.230278933790567,0.3008243616050199,11.298979131325304,6.12158351080052
Wind Speed (km/h),2025-02-03T12:00:00Z,9,13,7,9,9.286215138789501,0.08165511000792543,11.323116109491004,6.148267074681773
Wind Speed (km/h),2025-02-03T12:30:00Z,19,13,7,6,9.893244039551092,-0.07721135761807145,11.347483881171605,6.173012888226875
Wind Speed (km/h),2025-02-03T13:00:00Z,13,13,6,0,9.427523833202178,-0.3275042295046906,11.371218669815878,6.195125059285382
Wind Speed (km/h),2025-02-03T13:30:00Z,13,22,4,6,10.108473883063583,-0.4663953197777178,11.393532499923165,6.214101522810351
Wind Speed (km/h),2025-02-03T14:00:00Z,11,17,0,13,10.335201343844776,-0.6203404649041743,11.413760243382727,6.2296540043116515
Wind Speed (km/h),2025-02-03T14:30:00Z,13,17,4,4,10.319080091271623,-0.7810500659479881,11.431395420576312,6.2417127392103
Wind Speed (km/h),2025-02-03T15:00:00Z,19,19,2,2,10.639030113489238,-0.8933286238621834,11.446113228484439,6.250416658305707
Wind Speed (km/h),2025-02-03T15:30:00Z,17,15,0,2,10.313474564943595,-1.0464586893311534,11.45778013259924,6.256090593354935
Wind Speed (km/h),2025-02-03T16:00:00Z,11,9,2,0,9.257391321398009,-1.2708415017538193,11.466450232467057,6.25921178365267
Wind Speed (km/h),2025-02-03T16:30:00Z,17,15,2,2,9.588652394854966,-1.3681348056990064,11.47234944716304,6.260368534078501
Wind Speed (km/h),2025-02-03T17:00:00Z,9,13,0,4,9.118619142757678,-1.5131874729729875,11.47584931564086,6.260214248536881
Wind Speed (km/h),2025-02-03T17:30:00Z,2,11,0,7,8.390072690900716,-1.6774213984714028,11.477432815015039,6.25942020987314
Wind Speed (km/h),2025-02-03T18:00:00Z,9,9,0,4,8.06438516069953,-1.7990189643642467,11.477655020609141,6.258630383882816
Wind Speed (km/h),2025-02-03T18:30:00Z,0,15,0,7,7.862899140669804,-1.8895069726892173,11.477101631918236,6.25842119781581
Wind Speed (km/h),2025-02-03T19:00:00Z,2,15,0,7,7.883601203936734,-1.9322362417025378,11.476348355346307,6.259268712715869
Wind Speed (km/h),2025-02-03T19:30:00Z,9,13,4,13,8.986379229550268,-1.8271636801505426,11.475923877694415,6.261524924601151
Wind Speed (km/h),2025-02-03T20:00:00Z,9,13,0,7,8.994326552239054,-1.7629995228445654,11.476278716236767,6.265404156965204
Wind Speed (km/h),2025-02-03T20:30:00Z,9,15,0,11,9.406590101829341,-1.6254260879028437,11.47776164192931,6.270979717336524
Wind Speed (km/h),2025-02-03T21:00:00Z,9,15,4,7,9.646966669005655,-1.4619994013823185,11.480604702451968,6.278190251349517
Wind Speed (km/h),2025-02-03T21:30:00Z,7,13,0,6,9.109945919612132,-1.3472714762462552,11.48491718416686,6.286854595356619
Wind Speed (km/h),2025-02-03T22:00:00Z,7,11,4,2,8.55007420753593,-1.2333048783074931,11.490688203959111,6.296693442875468
Wind Speed (km/h),2025-02-03T22:30:00Z,7,19,6,0,8.69745566648549,-1.0441741010923336,11.497797059372914,6.307355822261925
Wind Speed (km/h),2025-02-03T23:00:00Z,0,24,7,0,8.66851126289124,-0.8504037506678978,11.506030020224628,6.318448236339879
Wind Speed (km/h),2025-02-03T23:30:00Z,6,19,6,2,8.73251831407255,-0.6331551412652818,11.515101933993938,6.329564328157018
Wind Speed (km/h),2025-02-04T00:00:00Z,6,17,7,0,8.494797485149977,-0.4352777733259081,11.524680844685864,6.340313089191846
Wind Speed (km/h),2025-02-04T00:30:00Z,11,19,11,7,9.568869436424373,-0.09697840137949516,11.53441378418286,6.350343889983262
Wind Speed (km/h),2025-02-04T01:00:00Z,17,26,11,17,11.883156735975172,0.4197702060648739,11.543951972946482,6.359366958878409
Wind Speed (km/h),2025-02-04T01:30:00Z,15,22,11,19,13.066747906471663,0.8977574264760417,11.55297384556572,6.36716833332159
Wind Speed (km/h),2025-02-04T02:00:00Z,17,19,11,17,13.54474767678167,1.3304974318088694,11.561204576105672,6.373618732470603
Wind Speed (km/h),2025-02-04T02:30:00Z,17,19,7,17,13.471826200364818,1.6997256105889735,11.56843109742915,6.378676224757679
Wind Speed (km/h),2025-02-04T03:00:00Z,44,20,9,13,15.201220694043812,2.231258490742042,11.574511966042143,6.382382966373883
Wind Speed (km/h),2025-02-04T03:30:00Z,46,20,9,15,16.55779805666947,2.752361293193566,11.579381797620583,6.384856645847858
Wind Speed (km/h),2025-02-04T04:00:00Z,44,32,9,11,17.803608425993964,3.2677609840163004,11.583050366214355,6.386277567739232
Wind Speed (km/h),2025-02-04T04:30:00Z,44,37,9,22,19.699146473379997,3.8459412462850997,11.585596800687442,6.38687253000539
Wind Speed (km/h),2025-02-04T05:00:00Z,48,32,7,20,20.515178911506617,4.317392125702092,11.587159605236115,6.386896784093373
Wind Speed (km/h),2025-02-04T05:30:00Z,52,32,9,22,21.549503145168742,4.770591707515548,11.587923459656512,6.386615408846209
Wind Speed (km/h),2025-02-04T06:00:00Z,50,33,15,20,22.38228668073034,5.161554587021041,11.58810390657638,6.386285379709303
Wind Speed (km/h),2025-02-04T06:30:00Z,48,30,11,20,22.225931231429378,5.391304154636175,11.587931099936494,6.386139480861021
Wind Speed (km/h),2025-02-04T07:00:00Z,50,30,15,19,22.43853375880726,5.5621452100594775,11.587633770933152,6.3863730033765815
Wind Speed (km/h),2025-02-04T07:30:00Z,46,28,11,17,21.697205480188057,5.543884477352152,11.587424470389678,6.387133916042178
Wind Speed (km/h),2025-02-04T08:00:00Z,46,32,15,22,22.15201983540045,5.529759411716636,11.587486982128532,6.3885169089539176
Wind Speed (km/h),2025-02-04T08:30:00Z,43,28,13,17,21.48886032907796,5.318807505889715,11.58796658708107,6.3905614166858955
Wind Speed (km/h),2025-02-04T09:00:00Z,39,30,13,15,20.82333241977159,4.990042350558245,11.588963612186093,6.39325344964166
Wind Speed (km/h),2025-02-04T09:30:00Z,32,28,11,15,19.68244563979787,4.497865090358157,11.590530442033607,6.396530818240597
Wind Speed (km/h),2025-02-04T10:00:00Z,35,20,9,15,18.543300940221133,3.883208916419214,11.592671924060799,6.40029113941208
Wind Speed (km/h),2025-02-04T10:30:00Z,26,20,9,13,17.14857527480062,3.1287814636087026,11.59534887660382,6.404401877830518
Wind Speed (km/h),2025-02-04T11:00:00Z,28,20,7,9,16.117824750288236,2.3044733344375166,11.598484226222057,6.408711599431791
Wind Speed (km/h),2025-02-04T11:30:00Z,24,20,7,9,15.3576595449827,1.4288791255879891,11.601971165152955,6.413061601092073
Wind Speed (km/h),2025-02-04T12:00:00Z,22,17,6,7,14.508066912102146,0.48873460931986334,11.605682635955107,6.417297122892829
Wind Speed (km/h),2025-02-04T12:30:00Z,20,20,4,7,14.11585222489883,-0.44401140951709467,11.609481418845714,6.421277439985722
Wind Speed (km/h),2025-02-04T13:00:00Z,20,20,7,7,14.325843839761088,-1.3193924246373314,11.613230115063875,6.424884259446637
Wind Speed (km/h),2025-02-04T13:30:00Z,24,19,7,11,15.225217175649453,-2.088961237971429,11.616800381242797,6.428028002236716
Wind Speed (km/h),2025-02-04T14:00:00Z,24,19,9,11,16.21096233485979,-2.7775640348950517,11.620080867691533,6.430651719650574
Wind Speed (km/h),2025-02-04T14:30:00Z,26,24,7,9,17.302604972347492,-3.367876501470925,11.62298343873514,6.432732565866243
Wind Speed (km/h),2025-02-04T15:00:00Z,24,22,7,9,17.930921875271377,-3.9072805201556093,11.625447396088008,6.434280912630731
Wind Speed (km/h),2025-02-04T15:30:00Z,28,19,9,13,19.013097797486218,-4.305638891242227,11.627441576587648,6.435337339147764
Wind Speed (km/h),2025-02-04T16:00:00Z,30,24,7,7,19.79147350453122,-4.62006076326283,11.628964343633847,6.435967851904674
Wind Speed (km/h),2025-02-04T16:30:00Z,28,26,9,13,20.98236045491866,-4.779763512322736,11.630041628184873,6.436257779449558
Wind Speed (km/h),2025-02-04T17:00:00Z,24,20,7,13,20.969787511894076,-4.940256146512072,11.630723292139637,6.436304842188948
